owner,repo
intridea,Surfiki
intridea,grape
intridea,intridea-dashboard
intridea,yourTime
intridea,boop
intridea,tweetstream
intridea,omniauth
intridea,multi_json
intridea,oauth2
intridea,opower_rewards
intridea,REbin
intridea,stately
intridea,getbooped.com
eonflare,opower_rewards
intridea,opower_tipsy
intridea,Surfiki.com
intridea,orametrix
intridea,SurfikiMR-Public
intridea,Blueshift-DoTell
intridea,intridea-com
intridea,omniauth-ldap
intridea,MePresent
intridea,MeQuoteGlobal
intridea,NFWF
intridea,omniauth-github
intridea,Blueshift-DoTell-Creative
intridea,swapt_web
intridea,omniauth-identity
intridea,sketch.js
intridea,qup
intridea,quickqa
intridea,sequoia_mobile
intridea,RHoKTrotron
intridea,Data-Science-Workstation
gary,intridea-dashboard
intridea,hashie
intridea,gemnotifier
intridea,green_onion
intridea,omniauth-oauth2
intridea,Python_Vagrant_Bootstrap
intridea,Rails_Vagrant_Bootstrap
intridea,heatRate
intridea,raphael-choropleth-map
intridea,chosen.touch
intridea,elasticsearch-river-jdbc
intridea,rack-stream
intridea,repodaily
intridea,opperator
intridea,Build-Notifier
intridea,omniauth-oauth
intridea,way
intridea,mashable-kindle
intridea,persistencejs
intridea,intridea_demo
intridea,jetpack
intridea,opperator-ui-scratchpad
intridea,opperator-chrome
intridea,RapidFTR
intridea,Survey-builder
intridea,training
peteonrails,training
intridea,delicious-rails-scratch
intridea,delicious-rails
intridea,opperator-api
intridea,omniauth-browserid
intridea,meview
intridea,ig-android
intridea,censorstrike
intridea,profanity_filter
intridea,opperator-webclient
intridea,omniauth-openid
intridea,opperator-docs
intridea,omniauth.org
intridea,omniauth-contrib
intridea,jquery.clockwinder
intridea,local-tweet
intridea,discuss
intridea,FlowNx
intridea,authbuttons
intridea,backbone-prescriptions
intridea,linkr
intridea,rails_wizard
intridea,mediaplug2-ruby
intridea,mediaplug2-php
intridea,rubythankful
intridea,tweet-button
intridea,redfinger
intridea,refactormycode
intridea,quickqa-gem
intridea,qwenti
intridea,masquerade
intridea,subdomain-fu
intridea,rails_wizard.web
intridea,sparkbin
intridea,gambl
intridea,scala-feedfetcher
intridea,bubhub
intridea,jekyll-apidocs
intridea,gemsday
intridea,presently-ios-sdk
intridea,expertise
intridea,tldr-it
intridea,IM-Gateway
intridea,intridea_ner
intridea,opengraph
intridea,intridea_cf
intridea,instiki
intridea,ruby_intrigue
intridea,open-meta-tags
intridea,magicruby
intridea,placebook
intridea,wmata
intridea,oilreporter-web
intridea,config_newton
intridea,gapps
intridea,tedx-oilreporter-web
intridea,omgwtfbbq
intridea,oilreporter-mobile
intridea,oilreporter-ipad
intridea,spillreport
intridea,ogit
intridea,yaml_model
intridea,mm-embeddable
intridea,rack_facebook_connect
intridea,gloo
intridea,mustache_json
intridea,oria
intridea,email_to_unfuddle
intridea,pictopus
intridea,fat_free_crm
intridea,talk-midend
intridea,mediaplug-ruby
